name,info,task
ctu-accidents_accidents-original,"{""name"": ""ctu-accidents"", ""task_name"": ""accidents-original"", ""task_type"": ""multiclass_classification"", ""target_column"": ""klas_nesreca"", ""target_table"": ""nesreca"", ""target_id"": ""id_nesreca"", ""target_timestamp"": ""cas_nesreca"", ""description"": ""Traffic accident database consists of all accidents that happened in Slovenia\u2019s capital city Ljubljana between the years 1995 and 2005."", ""domain"": ""Government"", ""associated_task"": ""Classification"", ""data_types"": [""Numeric"", ""String"", ""Temporal""], ""size"": ""234.5 MB"", ""count_of_tables"": 3, ""count_of_rows"": 1453650, ""count_of_columns"": 43, ""instance_count"": 503362, ""missing_values"": true, ""compound_keys"": false, ""loops"": false, ""type"": ""Real"", ""url"": ""https://relational.fel.cvut.cz/dataset/accidents"", ""train_accuracy"": 0.9998919433979871, ""train_macro_f1"": 0.9998619613353416, ""train_micro_f1"": 0.9998919433979871, ""val_accuracy"": 0.9998624754420432, ""val_macro_f1"": 0.9998739348363732, ""val_micro_f1"": 0.9998624754420432}",multiclass_classification
ctu-accidents_accidents-temporal,"{""name"": ""ctu-accidents"", ""task_name"": ""accidents-temporal"", ""task_type"": ""multiclass_classification"", ""target_column"": ""klas_nesreca"", ""target_table"": ""nesreca"", ""target_id"": ""id_nesreca"", ""target_timestamp"": ""cas_nesreca"", ""description"": ""Traffic accident database consists of all accidents that happened in Slovenia\u2019s capital city Ljubljana between the years 1995 and 2005."", ""domain"": ""Government"", ""associated_task"": ""Classification"", ""data_types"": [""Numeric"", ""String"", ""Temporal""], ""size"": ""234.5 MB"", ""count_of_tables"": 3, ""count_of_rows"": 1453650, ""count_of_columns"": 43, ""instance_count"": 503362, ""missing_values"": true, ""compound_keys"": false, ""loops"": false, ""type"": ""Real"", ""url"": ""https://relational.fel.cvut.cz/dataset/accidents"", ""train_accuracy"": 0.9999558978373402, ""train_macro_f1"": 0.8332730080124809, ""train_micro_f1"": 0.9999558978373402, ""val_accuracy"": 0.9287553256931944, ""val_macro_f1"": 0.6892674279403291, ""val_micro_f1"": 0.9287553256931944}",multiclass_classification
ctu-adventureworks_adventureworks-original,"{""name"": ""ctu-adventureworks"", ""task_name"": ""adventureworks-original"", ""task_type"": ""regression"", ""target_column"": ""TotalDue"", ""target_table"": ""SalesOrderHeader"", ""target_id"": ""CustomerID"", ""target_timestamp"": ""OrderDate"", ""description"": ""Adventure Works 2014 (OLTP version) is a sample database for Microsoft SQL Server, which has replaced Northwind and Pub sample databases that were shipped earlier. The database is about a fictious, multinational bicycle manufacturer called Adventure Works Cycles. msftdbprodsamples.codeplex.com"", ""domain"": ""Retail"", ""associated_task"": ""Regression"", ""data_types"": [""Numeric"", ""String"", ""LOB"", ""Temporal"", ""Spatial""], ""size"": ""233.8 MB"", ""count_of_tables"": 71, ""count_of_rows"": 754248, ""count_of_columns"": 486, ""instance_count"": 31223, ""missing_values"": true, ""compound_keys"": true, ""loops"": true, ""type"": ""Synthetic"", ""url"": ""https://relational.fel.cvut.cz/dataset/adventureworks"", ""train_mae"": 3155.586221734141, ""train_mse"": 164337735.40101284, ""train_r2"": -0.0305662635627574, ""val_mae"": 3258.5713647512875, ""val_mse"": 164830113.4281244, ""val_r2"": -0.0342964874988973}",regression
ctu-adventureworks_adventureworks-temporal,"{""name"": ""ctu-adventureworks"", ""task_name"": ""adventureworks-temporal"", ""task_type"": ""regression"", ""target_column"": ""TotalDue"", ""target_table"": ""SalesOrderHeader"", ""target_id"": ""CustomerID"", ""target_timestamp"": ""OrderDate"", ""description"": ""Adventure Works 2014 (OLTP version) is a sample database for Microsoft SQL Server, which has replaced Northwind and Pub sample databases that were shipped earlier. The database is about a fictious, multinational bicycle manufacturer called Adventure Works Cycles. msftdbprodsamples.codeplex.com"", ""domain"": ""Retail"", ""associated_task"": ""Regression"", ""data_types"": [""Numeric"", ""String"", ""LOB"", ""Temporal"", ""Spatial""], ""size"": ""233.8 MB"", ""count_of_tables"": 71, ""count_of_rows"": 754248, ""count_of_columns"": 486, ""instance_count"": 31223, ""missing_values"": true, ""compound_keys"": true, ""loops"": true, ""type"": ""Synthetic"", ""url"": ""https://relational.fel.cvut.cz/dataset/adventureworks"", ""train_mae"": 3803.5784902770542, ""train_mse"": 197855064.23376545, ""train_r2"": -0.0498668863852862, ""val_mae"": 1844.8055953851708, ""val_mse"": 86283426.45233613, ""val_r2"": -0.0020723809181368}",regression
ctu-atherosclerosis_atherosclerosis-original,"{""name"": ""ctu-atherosclerosis"", ""task_name"": ""atherosclerosis-original"", ""task_type"": ""multiclass_classification"", ""target_column"": ""PRICUMR"", ""target_table"": ""Death"", ""target_id"": ""ICO"", ""target_timestamp"": ""ROKUMR"", ""description"": ""The study STULONG is a longitudinal 20 years lasting primary preventive study of middle-aged men. The study aims to  identify  prevalence  of  atherosclerosis  RFs  in  a  population generally  considered  to  be  the  most  endangered  by  possible atherosclerosis complications, i.e., middle-aged men."", ""domain"": ""Medicine"", ""associated_task"": ""Classification"", ""data_types"": [""Numeric"", ""String""], ""size"": ""3.2 MB"", ""count_of_tables"": 4, ""count_of_rows"": 12559, ""count_of_columns"": 195, ""instance_count"": 389, ""missing_values"": true, ""compound_keys"": false, ""loops"": false, ""type"": ""Real"", ""url"": ""https://relational.fel.cvut.cz/dataset/atherosclerosis"", ""train_accuracy"": 0.8562610229276896, ""train_macro_f1"": 0.1845130641330166, ""train_micro_f1"": 0.8562610229276896, ""val_accuracy"": 0.8380281690140845, ""val_macro_f1"": 0.2279693486590038, ""val_micro_f1"": 0.8380281690140845}",multiclass_classification
ctu-basketballmen_basketballmen-original,"{""name"": ""ctu-basketballmen"", ""task_name"": ""basketballmen-original"", ""task_type"": ""regression"", ""target_column"": ""rank"", ""target_table"": ""teams"", ""target_id"": ""tmID, year"", ""target_timestamp"": ""year"", ""description"": ""The task is to predict rank of teams."", ""domain"": ""Sport"", ""associated_task"": ""Regression"", ""data_types"": [""Numeric"", ""String"", ""Temporal""], ""size"": ""18.3 MB"", ""count_of_tables"": 9, ""count_of_rows"": 43841, ""count_of_columns"": 195, ""instance_count"": 1536, ""missing_values"": true, ""compound_keys"": true, ""loops"": true, ""type"": ""Real"", ""url"": ""https://relational.fel.cvut.cz/dataset/basketballmen"", ""train_mae"": 0.8229548631401156, ""train_mse"": 1.107108380239635, ""train_r2"": 0.6374001814151629, ""val_mae"": 0.8694774330436409, ""val_mse"": 1.1953012623065624, ""val_r2"": 0.6559570278064174}",regression
ctu-basketballwomen_basketballwomen-original,"{""name"": ""ctu-basketballwomen"", ""task_name"": ""basketballwomen-original"", ""task_type"": ""binary_classification"", ""target_column"": ""playoff"", ""target_table"": ""teams"", ""target_id"": ""tmID, year"", ""target_timestamp"": ""year"", ""description"": ""The task is to predict whether the team plays playoff, or not."", ""domain"": ""Sport"", ""associated_task"": ""Classification"", ""data_types"": [""Numeric"", ""String""], ""size"": ""2.3 MB"", ""count_of_tables"": 8, ""count_of_rows"": 5516, ""count_of_columns"": 176, ""instance_count"": 234, ""missing_values"": true, ""compound_keys"": true, ""loops"": true, ""type"": ""Real"", ""url"": ""https://relational.fel.cvut.cz/dataset/basketballwomen"", ""train_accuracy"": 1.0, ""train_average_precision"": 1.0, ""train_f1"": 1.0, ""train_roc_auc"": 1.0, ""val_accuracy"": 1.0, ""val_average_precision"": 0.9999999999999998, ""val_f1"": 1.0, ""val_roc_auc"": 1.0}",binary_classification
ctu-biodegradability_biodegradability-original,"{""name"": ""ctu-biodegradability"", ""task_name"": ""biodegradability-original"", ""task_type"": ""regression"", ""target_column"": ""activity"", ""target_table"": ""molecule"", ""target_id"": ""molecule_id"", ""target_timestamp"": ""?"", ""description"": ""This is an older data set of chemical structures containing 328 compounds labeled by their half-life for aerobic aqueous biodegradation (a regression task)."", ""domain"": ""Medicine"", ""associated_task"": ""Regression"", ""data_types"": [""Numeric"", ""String""], ""size"": ""3.3 MB"", ""count_of_tables"": 5, ""count_of_rows"": 21875, ""count_of_columns"": 14, ""instance_count"": 328, ""missing_values"": false, ""compound_keys"": false, ""loops"": true, ""type"": ""Real"", ""url"": ""https://relational.fel.cvut.cz/dataset/biodegradability"", ""train_mae"": 1.289872143413165, ""train_mse"": 2.768565856768333, ""train_r2"": -0.1004018106668649, ""val_mae"": 1.083139314848004, ""val_mse"": 1.8964499080627777, ""val_r2"": -0.003561971707964}",regression
ctu-bupa_bupa-original,"{""name"": ""ctu-bupa"", ""task_name"": ""bupa-original"", ""task_type"": ""binary_classification"", ""target_column"": ""arg2"", ""target_table"": ""bupa"", ""target_id"": ""arg1"", ""target_timestamp"": ""?"", ""description"": ""Evaluation of patients on liver disorder."", ""domain"": ""Medicine"", ""associated_task"": ""Classification"", ""data_types"": [""Numeric"", ""String""], ""size"": ""300 KB"", ""count_of_tables"": 9, ""count_of_rows"": 2762, ""count_of_columns"": 16, ""instance_count"": 345, ""missing_values"": false, ""compound_keys"": false, ""loops"": false, ""type"": ""Real"", ""url"": ""https://relational.fel.cvut.cz/dataset/bupa"", ""train_accuracy"": 0.5905797101449275, ""train_average_precision"": 0.5688979797739431, ""train_f1"": 0.0, ""train_roc_auc"": 0.6452576144198925, ""val_accuracy"": 0.4411764705882353, ""val_average_precision"": 0.893331583774797, ""val_f1"": 0.0, ""val_roc_auc"": 0.856140350877193}",binary_classification
ctu-carcinogenesis_carcinogenesis-original,"{""name"": ""ctu-carcinogenesis"", ""task_name"": ""carcinogenesis-original"", ""task_type"": ""binary_classification"", ""target_column"": ""class"", ""target_table"": ""canc"", ""target_id"": ""drug_id"", ""target_timestamp"": ""?"", ""description"": ""For prediction of whether a given molecule is carcinogenic or not. The dataset contains 182 positive carcinogenicity tests and 148 negative tests."", ""domain"": ""Medicine"", ""associated_task"": ""Classification"", ""data_types"": [""Numeric"", ""String""], ""size"": ""21 MB"", ""count_of_tables"": 6, ""count_of_rows"": 27570, ""count_of_columns"": 23, ""instance_count"": 329, ""missing_values"": false, ""compound_keys"": false, ""loops"": true, ""type"": ""Real"", ""url"": ""https://relational.fel.cvut.cz/dataset/carcinogenesis"", ""train_accuracy"": 0.5285171102661597, ""train_average_precision"": 0.6666276032710421, ""train_f1"": 0.6915422885572139, ""train_roc_auc"": 0.6670921327454165, ""val_accuracy"": 0.6060606060606061, ""val_average_precision"": 0.6733454146099938, ""val_f1"": 0.7547169811320755, ""val_roc_auc"": 0.5807692307692307}",binary_classification
ctu-cde_cde-original,"{""name"": ""ctu-cde"", ""task_name"": ""cde-original"", ""task_type"": ""regression"", ""target_column"": """", ""target_table"": """", ""target_id"": """", ""target_timestamp"": """", ""description"": """", ""domain"": """", ""associated_task"": """", ""data_types"": [], ""size"": """", ""count_of_tables"": """", ""count_of_rows"": """", ""count_of_columns"": """", ""instance_count"": """", ""missing_values"": """", ""compound_keys"": """", ""loops"": """", ""type"": """", ""url"": ""https://relational.fel.cvut.cz/dataset/cde"", ""train_mae"": 26.444951787415462, ""train_mse"": 1099.9042895059206, ""train_r2"": -1.098601162756537, ""val_mae"": 27.365318082627795, ""val_mse"": 1092.0753598881051, ""val_r2"": -1.6766380312663731}",regression
ctu-chess_chess-original,"{""name"": ""ctu-chess"", ""task_name"": ""chess-original"", ""task_type"": ""multiclass_classification"", ""target_column"": ""game_result"", ""target_table"": ""game"", ""target_id"": ""game_id"", ""target_timestamp"": ""event_date"", ""description"": ""The goal is to predict the outcome of a match."", ""domain"": ""Sport"", ""associated_task"": ""Classification"", ""data_types"": [""Numeric"", ""String"", ""Temporal""], ""size"": ""300 KB"", ""count_of_tables"": 2, ""count_of_rows"": 2052, ""count_of_columns"": 45, ""instance_count"": 295, ""missing_values"": false, ""compound_keys"": false, ""loops"": false, ""type"": ""Real"", ""url"": ""https://relational.fel.cvut.cz/dataset/chess"", ""train_accuracy"": 0.3516949152542373, ""train_macro_f1"": 0.1734587251828631, ""train_micro_f1"": 0.3516949152542373, ""val_accuracy"": 0.4666666666666667, ""val_macro_f1"": 0.2121212121212121, ""val_micro_f1"": 0.4666666666666667}",multiclass_classification
ctu-classicmodels_classicmodels-original,"{""name"": ""ctu-classicmodels"", ""task_name"": ""classicmodels-original"", ""task_type"": ""regression"", ""target_column"": ""amount"", ""target_table"": ""payments"", ""target_id"": ""checkNumber"", ""target_timestamp"": ""paymentDate"", ""description"": ""The schema is for Classic Models, a retailer of scale models of classic cars. The database contains typical business data such as customers, orders, order line items, products and so on. www.mysqltutorial.org"", ""domain"": ""Retail"", ""associated_task"": ""Regression"", ""data_types"": [""Numeric"", ""String"", ""LOB"", ""Temporal""], ""size"": ""500 KB"", ""count_of_tables"": 8, ""count_of_rows"": 3864, ""count_of_columns"": 59, ""instance_count"": 273, ""missing_values"": true, ""compound_keys"": false, ""loops"": false, ""type"": ""Synthetic"", ""url"": ""https://relational.fel.cvut.cz/dataset/classicmodels"", ""train_mae"": 31112.193984375, ""train_mse"": 1435105108.1184957, ""train_r2"": -2.064084873393297, ""val_mae"": 31237.41968122209, ""val_mse"": 1270301671.528392, ""val_r2"": -3.2945718036857405}",regression
ctu-classicmodels_classicmodels-temporal,"{""name"": ""ctu-classicmodels"", ""task_name"": ""classicmodels-temporal"", ""task_type"": ""regression"", ""target_column"": ""amount"", ""target_table"": ""payments"", ""target_id"": ""checkNumber"", ""target_timestamp"": ""paymentDate"", ""description"": ""The schema is for Classic Models, a retailer of scale models of classic cars. The database contains typical business data such as customers, orders, order line items, products and so on. www.mysqltutorial.org"", ""domain"": ""Retail"", ""associated_task"": ""Regression"", ""data_types"": [""Numeric"", ""String"", ""LOB"", ""Temporal""], ""size"": ""500 KB"", ""count_of_tables"": 8, ""count_of_rows"": 3864, ""count_of_columns"": 59, ""instance_count"": 273, ""missing_values"": true, ""compound_keys"": false, ""loops"": false, ""type"": ""Synthetic"", ""url"": ""https://relational.fel.cvut.cz/dataset/classicmodels"", ""train_mae"": 29103.156603824013, ""train_mse"": 1229253686.3532088, ""train_r2"": -2.2071763454137483, ""val_mae"": 33679.73101294424, ""val_mse"": 1561042105.379713, ""val_r2"": -2.65175996075782}",regression
ctu-cora_cora-original,"{""name"": ""ctu-cora"", ""task_name"": ""cora-original"", ""task_type"": ""multiclass_classification"", ""target_column"": ""class_label"", ""target_table"": ""paper"", ""target_id"": ""paper_id"", ""target_timestamp"": ""?"", ""description"": ""The Cora dataset consists of 2708 scientific publications classified into one of seven classes. The citation network consists of 5429 links. Each publication in the dataset is described by a 0/1-valued word vector indicating the absence/presence of the corresponding word from the dictionary. The dictionary consists of 1433 unique words."", ""domain"": ""Education"", ""associated_task"": ""Classification"", ""data_types"": [""Numeric"", ""String""], ""size"": ""4.5 MB"", ""count_of_tables"": 3, ""count_of_rows"": 57884, ""count_of_columns"": 6, ""instance_count"": 2708, ""missing_values"": false, ""compound_keys"": false, ""loops"": true, ""type"": ""Real"", ""url"": ""https://relational.fel.cvut.cz/dataset/cora"", ""train_accuracy"": 0.30932594644506, ""train_macro_f1"": 0.1170124615341571, ""train_micro_f1"": 0.30932594644506, ""val_accuracy"": 0.2988929889298893, ""val_macro_f1"": 0.1208374776963668, ""val_micro_f1"": 0.2988929889298893}",multiclass_classification
ctu-countries_countries-original,"{""name"": ""ctu-countries"", ""task_name"": ""countries-original"", ""task_type"": ""regression"", ""target_column"": ""2012"", ""target_table"": ""target"", ""target_id"": ""Country Code"", ""target_timestamp"": ""?"", ""description"": ""The task is to predict \""Forest area (% of land area)\"" for 247 countries in 2012 based on the previous values."", ""domain"": ""Geography"", ""associated_task"": ""Regression"", ""data_types"": [""Numeric"", ""String""], ""size"": ""9.8 MB"", ""count_of_tables"": 4, ""count_of_rows"": 21118, ""count_of_columns"": 67, ""instance_count"": 247, ""missing_values"": true, ""compound_keys"": false, ""loops"": false, ""type"": ""Real"", ""url"": ""https://relational.fel.cvut.cz/dataset/countries"", ""train_mae"": 27.0409201355277, ""train_mse"": 1169.56550720265, ""train_r2"": -1.3061787742521944, ""val_mae"": 26.357483440911867, ""val_mse"": 1144.2630142885537, ""val_r2"": -0.9537991482775336}",regression
ctu-craftbeer_craftbeer-original,"{""name"": ""ctu-craftbeer"", ""task_name"": ""craftbeer-original"", ""task_type"": ""multiclass_classification"", ""target_column"": ""state"", ""target_table"": ""breweries"", ""target_id"": ""id"", ""target_timestamp"": ""?"", ""description"": ""Craft beers labeled by styles and composition. A separate dataset lists breweries by state."", ""domain"": ""Entertainment"", ""associated_task"": ""Classification"", ""data_types"": [""Numeric"", ""String""], ""size"": ""300 KB"", ""count_of_tables"": 2, ""count_of_rows"": 2968, ""count_of_columns"": 11, ""instance_count"": 558, ""missing_values"": false, ""compound_keys"": false, ""loops"": false, ""type"": ""Real"", ""url"": ""https://relational.fel.cvut.cz/dataset/craftbeer"", ""train_accuracy"": 0.147982062780269, ""train_macro_f1"": 0.0189287841881233, ""train_micro_f1"": 0.147982062780269, ""val_accuracy"": 0.1428571428571428, ""val_macro_f1"": 0.0213888888888888, ""val_micro_f1"": 0.1428571428571428}",multiclass_classification
ctu-dallas_dallas-original,"{""name"": ""ctu-dallas"", ""task_name"": ""dallas-original"", ""task_type"": ""multiclass_classification"", ""target_column"": ""subject_statuses"", ""target_table"": ""incidents"", ""target_id"": ""case_number"", ""target_timestamp"": ""date"", ""description"": ""Officer-involved shootings as disclosed by the Dallas Police Department. Includes separate tables for officer and subject/suspect information."", ""domain"": ""Government"", ""associated_task"": ""Classification"", ""data_types"": [""Numeric"", ""String"", ""Temporal""], ""size"": ""400 KB"", ""count_of_tables"": 3, ""count_of_rows"": 812, ""count_of_columns"": 27, ""instance_count"": 219, ""missing_values"": true, ""compound_keys"": false, ""loops"": false, ""type"": ""Real"", ""url"": ""https://relational.fel.cvut.cz/dataset/dallas"", ""train_accuracy"": 0.6685714285714286, ""train_macro_f1"": 0.2671655266339194, ""train_micro_f1"": 0.6685714285714286, ""val_accuracy"": 0.6363636363636364, ""val_macro_f1"": 0.3924242424242424, ""val_micro_f1"": 0.6363636363636364}",multiclass_classification
ctu-dallas_dallas-temporal,"{""name"": ""ctu-dallas"", ""task_name"": ""dallas-temporal"", ""task_type"": ""multiclass_classification"", ""target_column"": ""subject_statuses"", ""target_table"": ""incidents"", ""target_id"": ""case_number"", ""target_timestamp"": ""date"", ""description"": ""Officer-involved shootings as disclosed by the Dallas Police Department. Includes separate tables for officer and subject/suspect information."", ""domain"": ""Government"", ""associated_task"": ""Classification"", ""data_types"": [""Numeric"", ""String"", ""Temporal""], ""size"": ""400 KB"", ""count_of_tables"": 3, ""count_of_rows"": 812, ""count_of_columns"": 27, ""instance_count"": 219, ""missing_values"": true, ""compound_keys"": false, ""loops"": false, ""type"": ""Real"", ""url"": ""https://relational.fel.cvut.cz/dataset/dallas"", ""train_accuracy"": 0.6722222222222223, ""train_macro_f1"": 0.233219954648526, ""train_micro_f1"": 0.6722222222222223, ""val_accuracy"": 0.4, ""val_macro_f1"": 0.4000000000000001, ""val_micro_f1"": 0.4}",multiclass_classification
ctu-dcg_dcg-original,"{""name"": ""ctu-dcg"", ""task_name"": ""dcg-original"", ""task_type"": ""binary_classification"", ""target_column"": ""class"", ""target_table"": ""sentences"", ""target_id"": ""id"", ""target_timestamp"": ""?"", ""description"": ""The set of positive examples consists of all sentences of up to seven words that can be generated by the DCG in Bratko's book (565 positive examples).The set of negative examples was generated by randomly selecting one word in each positive example and replacing it by a randomly selected word the leads to an incorrect sentence, according to the grammar (565 negative examples)."", ""domain"": ""Education"", ""associated_task"": ""Classification"", ""data_types"": [""Numeric"", ""String""], ""size"": ""300 KB"", ""count_of_tables"": 2, ""count_of_rows"": 8258, ""count_of_columns"": 5, ""instance_count"": 1130, ""missing_values"": false, ""compound_keys"": false, ""loops"": false, ""type"": ""Synthetic"", ""url"": ""https://relational.fel.cvut.cz/dataset/dcg"", ""train_accuracy"": 0.5221238938053098, ""train_average_precision"": 0.8619455247600529, ""train_f1"": 0.6470588235294118, ""train_roc_auc"": 0.782379031468463, ""val_accuracy"": 0.495575221238938, ""val_average_precision"": 0.8789228499925477, ""val_f1"": 0.6415094339622641, ""val_roc_auc"": 0.8038847117794485}",binary_classification
ctu-diabetes_diabetes-original,"{""name"": ""ctu-diabetes"", ""task_name"": ""diabetes-original"", ""task_type"": ""multiclass_classification"", ""target_column"": """", ""target_table"": """", ""target_id"": """", ""target_timestamp"": """", ""description"": """", ""domain"": """", ""associated_task"": """", ""data_types"": [], ""size"": """", ""count_of_tables"": """", ""count_of_rows"": """", ""count_of_columns"": """", ""instance_count"": """", ""missing_values"": """", ""compound_keys"": """", ""loops"": """", ""type"": """", ""url"": ""https://relational.fel.cvut.cz/dataset/diabetes"", ""train_accuracy"": 0.596678077849626, ""train_macro_f1"": 0.5563779056415536, ""train_micro_f1"": 0.596678077849626, ""val_accuracy"": 0.5780933062880325, ""val_macro_f1"": 0.5291303165299924, ""val_micro_f1"": 0.5780933062880325}",multiclass_classification
ctu-employee_employee-original,"{""name"": ""ctu-employee"", ""task_name"": ""employee-original"", ""task_type"": ""regression"", ""target_column"": ""salary"", ""target_table"": ""salaries"", ""target_id"": ""emp_no"", ""target_timestamp"": ""from_date"", ""description"": ""The employees test database: small, fake database of employees."", ""domain"": ""Retail"", ""associated_task"": ""Regression"", ""data_types"": [""Numeric"", ""String"", ""Temporal""], ""size"": ""197.4 MB"", ""count_of_tables"": 6, ""count_of_rows"": 3911392, ""count_of_columns"": 24, ""instance_count"": 2838426, ""missing_values"": false, ""compound_keys"": false, ""loops"": true, ""type"": ""Synthetic"", ""url"": ""https://relational.fel.cvut.cz/dataset/employee"", ""train_mae"": 10544.198625784904, ""train_mse"": 190733923.9505449, ""train_r2"": 0.3324064754377986, ""val_mae"": 10622.58006518676, ""val_mse"": 193107721.6224943, ""val_r2"": 0.3236382814685914}",regression
ctu-employee_employee-temporal,"{""name"": ""ctu-employee"", ""task_name"": ""employee-temporal"", ""task_type"": ""regression"", ""target_column"": ""salary"", ""target_table"": ""salaries"", ""target_id"": ""emp_no"", ""target_timestamp"": ""from_date"", ""description"": ""The employees test database: small, fake database of employees."", ""domain"": ""Retail"", ""associated_task"": ""Regression"", ""data_types"": [""Numeric"", ""String"", ""Temporal""], ""size"": ""197.4 MB"", ""count_of_tables"": 6, ""count_of_rows"": 3911392, ""count_of_columns"": 24, ""instance_count"": 2838426, ""missing_values"": false, ""compound_keys"": false, ""loops"": true, ""type"": ""Synthetic"", ""url"": ""https://relational.fel.cvut.cz/dataset/employee"", ""train_mae"": 10285.8561087259, ""train_mse"": 184614454.93496105, ""train_r2"": 0.3050791957493023, ""val_mae"": 10764.873297184404, ""val_mse"": 198933238.5977379, ""val_r2"": 0.3289678374401721}",regression
ctu-expenditures_expenditures-original,"{""name"": ""ctu-expenditures"", ""task_name"": ""expenditures-original"", ""task_type"": ""binary_classification"", ""target_column"": """", ""target_table"": """", ""target_id"": """", ""target_timestamp"": """", ""description"": """", ""domain"": """", ""associated_task"": """", ""data_types"": [], ""size"": """", ""count_of_tables"": """", ""count_of_rows"": """", ""count_of_columns"": """", ""instance_count"": """", ""missing_values"": """", ""compound_keys"": """", ""loops"": """", ""type"": """", ""url"": ""https://relational.fel.cvut.cz/dataset/expenditures"", ""train_accuracy"": 0.9788482202675276, ""train_average_precision"": 0.0808113343677685, ""train_f1"": 0.0023924840987337, ""train_roc_auc"": 0.7470279952724195, ""val_accuracy"": 0.9790709874099296, ""val_average_precision"": 0.0796942939125609, ""val_f1"": 0.0023590469450342, ""val_roc_auc"": 0.7448260408462399}",binary_classification
ctu-financial_financial-original,"{""name"": ""ctu-financial"", ""task_name"": ""financial-original"", ""task_type"": ""multiclass_classification"", ""target_column"": ""status"", ""target_table"": ""loan"", ""target_id"": ""account_id"", ""target_timestamp"": ""date"", ""description"": ""PKDD'99 Financial dataset contains 606 successful and 76 not successful loans along with their information and transactions. The standard task is to predict the loan outcome for finished loans (A vs B in loan.status) at the time of the loan start (defined by loan.date). Note: Two factors have a great impact on the reported model's accuracy in the references: 1) Was the temporal constraint respected? 2) Was the problem formulated as (A vs B), or (A vs B vs C vs D)?"", ""domain"": ""Financial"", ""associated_task"": ""Classification"", ""data_types"": [""Numeric"", ""String"", ""Temporal""], ""size"": ""78.8 MB"", ""count_of_tables"": 8, ""count_of_rows"": 1090086, ""count_of_columns"": 55, ""instance_count"": 682, ""missing_values"": true, ""compound_keys"": false, ""loops"": true, ""type"": ""Real"", ""url"": ""https://relational.fel.cvut.cz/dataset/financial"", ""train_accuracy"": 0.7087912087912088, ""train_macro_f1"": 0.3621988592832212, ""train_micro_f1"": 0.7087912087912088, ""val_accuracy"": 0.7205882352941176, ""val_macro_f1"": 0.3830971659919028, ""val_micro_f1"": 0.7205882352941176}",multiclass_classification
ctu-financial_financial-temporal,"{""name"": ""ctu-financial"", ""task_name"": ""financial-temporal"", ""task_type"": ""multiclass_classification"", ""target_column"": ""status"", ""target_table"": ""loan"", ""target_id"": ""account_id"", ""target_timestamp"": ""date"", ""description"": ""PKDD'99 Financial dataset contains 606 successful and 76 not successful loans along with their information and transactions. The standard task is to predict the loan outcome for finished loans (A vs B in loan.status) at the time of the loan start (defined by loan.date). Note: Two factors have a great impact on the reported model's accuracy in the references: 1) Was the temporal constraint respected? 2) Was the problem formulated as (A vs B), or (A vs B vs C vs D)?"", ""domain"": ""Financial"", ""associated_task"": ""Classification"", ""data_types"": [""Numeric"", ""String"", ""Temporal""], ""size"": ""78.8 MB"", ""count_of_tables"": 8, ""count_of_rows"": 1090086, ""count_of_columns"": 55, ""instance_count"": 682, ""missing_values"": true, ""compound_keys"": false, ""loops"": true, ""type"": ""Real"", ""url"": ""https://relational.fel.cvut.cz/dataset/financial"", ""train_accuracy"": 0.4751908396946565, ""train_macro_f1"": 0.1610608020698577, ""train_micro_f1"": 0.4751908396946565, ""val_accuracy"": 0.979381443298969, ""val_macro_f1"": 0.4947916666666667, ""val_micro_f1"": 0.979381443298969}",multiclass_classification
ctu-fnhk_fnhk-original,"{""name"": ""ctu-fnhk"", ""task_name"": ""fnhk-original"", ""task_type"": ""regression"", ""target_column"": ""Delka_hospitalizace"", ""target_table"": ""pripady"", ""target_id"": ""Identifikace_pripadu"", ""target_timestamp"": ""Datum_prijeti"", ""description"": ""Anonymised data from a hospital in Hradec Kralove, Czech Republic, about treatment and medication."", ""domain"": ""Medicine"", ""associated_task"": ""Regression"", ""data_types"": [""Numeric"", ""String"", ""Temporal""], ""size"": ""130.8 MB"", ""count_of_tables"": 3, ""count_of_rows"": 2108356, ""count_of_columns"": 24, ""instance_count"": 41392, ""missing_values"": true, ""compound_keys"": false, ""loops"": false, ""type"": ""Real"", ""url"": ""https://relational.fel.cvut.cz/dataset/fnhk"", ""train_mae"": 1.6551409546804594, ""train_mse"": 71.52575837046386, ""train_r2"": 0.4033431962227857, ""val_mae"": 1.6058595676642622, ""val_mse"": 58.98097012770308, ""val_r2"": 0.4516862755191955}",regression
ctu-fnhk_fnhk-temporal,"{""name"": ""ctu-fnhk"", ""task_name"": ""fnhk-temporal"", ""task_type"": ""regression"", ""target_column"": ""Delka_hospitalizace"", ""target_table"": ""pripady"", ""target_id"": ""Identifikace_pripadu"", ""target_timestamp"": ""Datum_prijeti"", ""description"": ""Anonymised data from a hospital in Hradec Kralove, Czech Republic, about treatment and medication."", ""domain"": ""Medicine"", ""associated_task"": ""Regression"", ""data_types"": [""Numeric"", ""String"", ""Temporal""], ""size"": ""130.8 MB"", ""count_of_tables"": 3, ""count_of_rows"": 2108356, ""count_of_columns"": 24, ""instance_count"": 41392, ""missing_values"": true, ""compound_keys"": false, ""loops"": false, ""type"": ""Real"", ""url"": ""https://relational.fel.cvut.cz/dataset/fnhk"", ""train_mae"": 5.233827053956556, ""train_mse"": 134.62203552035436, ""train_r2"": 0.0781815531509282, ""val_mae"": 4.778801753376954, ""val_mse"": 68.17648760353396, ""val_r2"": 0.1197225350149758}",regression
ctu-ftp_ftp-original,"{""name"": ""ctu-ftp"", ""task_name"": ""ftp-original"", ""task_type"": ""binary_classification"", ""target_column"": ""gender"", ""target_table"": ""session"", ""target_id"": ""session_id"", ""target_timestamp"": ""?"", ""description"": ""PAKDD'15 Data Mining Competition: The task is to reconstruct the information about user\u2019s gender from product viewing logs. The data were obtained from simulations of product viewing activities of users with known gender. The data closely follow the real-life distribution in that regard. knowledgepit.fedcsis.org"", ""domain"": ""Retail"", ""associated_task"": ""Classification"", ""data_types"": [""Numeric"", ""String"", ""Temporal""], ""size"": ""7.5 MB"", ""count_of_tables"": 2, ""count_of_rows"": 96118, ""count_of_columns"": 10, ""instance_count"": 29555, ""missing_values"": true, ""compound_keys"": false, ""loops"": false, ""type"": ""Synthetic"", ""url"": ""https://relational.fel.cvut.cz/dataset/ftp"", ""train_accuracy"": 0.7798333333333334, ""train_average_precision"": 0.2776246416675946, ""train_f1"": 0.0, ""train_roc_auc"": 0.593247746830225, ""val_accuracy"": 0.7806666666666666, ""val_average_precision"": 0.264355494090428, ""val_f1"": 0.0, ""val_roc_auc"": 0.5737464926192509}",binary_classification
ctu-genes_genes-original,"{""name"": ""ctu-genes"", ""task_name"": ""genes-original"", ""task_type"": ""multiclass_classification"", ""target_column"": ""Localization"", ""target_table"": ""Classification"", ""target_id"": ""GeneID"", ""target_timestamp"": ""?"", ""description"": ""KDD Cup 2001 prediction of gene/protein function and localization."", ""domain"": ""Medicine"", ""associated_task"": ""Classification"", ""data_types"": [""Numeric"", ""String""], ""size"": ""1.8 MB"", ""count_of_tables"": 3, ""count_of_rows"": 6063, ""count_of_columns"": 15, ""instance_count"": 862, ""missing_values"": false, ""compound_keys"": false, ""loops"": true, ""type"": ""Real"", ""url"": ""https://relational.fel.cvut.cz/dataset/genes"", ""train_accuracy"": 0.7304347826086957, ""train_macro_f1"": 0.2042218405012272, ""train_micro_f1"": 0.7304347826086957, ""val_accuracy"": 0.7209302325581395, ""val_macro_f1"": 0.2507590187590188, ""val_micro_f1"": 0.7209302325581395}",multiclass_classification
ctu-gosales_gosales-original,"{""name"": ""ctu-gosales"", ""task_name"": ""gosales-original"", ""task_type"": ""regression"", ""target_column"": ""Quantity"", ""target_table"": ""go_1k"", ""target_id"": ""Retailer code, Product number"", ""target_timestamp"": ""Date"", ""description"": ""GO Sales dataset from IBM contains information about daily sales, methods, retailers, and products of a fictitious outdoor equipment retail chain \u201cGreat Outdoors\u201d (GO). The task is to predict sale quantity."", ""domain"": ""Retail"", ""associated_task"": ""Regression"", ""data_types"": [""Numeric"", ""String"", ""Temporal""], ""size"": ""22.4 MB"", ""count_of_tables"": 5, ""count_of_rows"": 150989, ""count_of_columns"": 25, ""instance_count"": 1000, ""missing_values"": false, ""compound_keys"": true, ""loops"": false, ""type"": ""Synthetic"", ""url"": ""https://relational.fel.cvut.cz/dataset/gosales"", ""train_mae"": 50.11927335081357, ""train_mse"": 51850.39181834007, ""train_r2"": 0.5540034980119514, ""val_mae"": 50.469169288813774, ""val_mse"": 45442.12282488569, ""val_r2"": 0.5758244662462138}",regression
ctu-gosales_gosales-temporal,"{""name"": ""ctu-gosales"", ""task_name"": ""gosales-temporal"", ""task_type"": ""regression"", ""target_column"": ""Quantity"", ""target_table"": ""go_1k"", ""target_id"": ""Retailer code, Product number"", ""target_timestamp"": ""Date"", ""description"": ""GO Sales dataset from IBM contains information about daily sales, methods, retailers, and products of a fictitious outdoor equipment retail chain \u201cGreat Outdoors\u201d (GO). The task is to predict sale quantity."", ""domain"": ""Retail"", ""associated_task"": ""Regression"", ""data_types"": [""Numeric"", ""String"", ""Temporal""], ""size"": ""22.4 MB"", ""count_of_tables"": 5, ""count_of_rows"": 150989, ""count_of_columns"": 25, ""instance_count"": 1000, ""missing_values"": false, ""compound_keys"": true, ""loops"": false, ""type"": ""Synthetic"", ""url"": ""https://relational.fel.cvut.cz/dataset/gosales"", ""train_mae"": 47.05192956110221, ""train_mse"": 37593.44926240487, ""train_r2"": 0.6157148142595601, ""val_mae"": 49.87039900368504, ""val_mse"": 65118.38931351797, ""val_r2"": 0.4837961496347972}",regression
ctu-grants_grants-original,"{""name"": ""ctu-grants"", ""task_name"": ""grants-original"", ""task_type"": ""regression"", ""target_column"": ""award_amount"", ""target_table"": ""awards"", ""target_id"": ""award_id"", ""target_timestamp"": ""award_effective_date"", ""description"": ""This dataset includes funding grants from the National Science Foundation. The task is to predict the award amount."", ""domain"": ""Education"", ""associated_task"": ""Regression"", ""data_types"": [""Numeric"", ""String""], ""size"": ""890.8 MB"", ""count_of_tables"": 12, ""count_of_rows"": 2914549, ""count_of_columns"": 46, ""instance_count"": 385882, ""missing_values"": false, ""compound_keys"": true, ""loops"": false, ""type"": ""Real"", ""url"": ""https://relational.fel.cvut.cz/dataset/grants"", ""train_mae"": 263552.149423134, ""train_mse"": 19922450426398.137, ""train_r2"": -0.0013668247766995, ""val_mae"": 308401.8634284015, ""val_mse"": 107172864186238.88, ""val_r2"": -0.0004202669856128}",regression
ctu-grants_grants-temporal,"{""name"": ""ctu-grants"", ""task_name"": ""grants-temporal"", ""task_type"": ""regression"", ""target_column"": ""award_amount"", ""target_table"": ""awards"", ""target_id"": ""award_id"", ""target_timestamp"": ""award_effective_date"", ""description"": ""This dataset includes funding grants from the National Science Foundation. The task is to predict the award amount."", ""domain"": ""Education"", ""associated_task"": ""Regression"", ""data_types"": [""Numeric"", ""String""], ""size"": ""890.8 MB"", ""count_of_tables"": 12, ""count_of_rows"": 2914549, ""count_of_columns"": 46, ""instance_count"": 385882, ""missing_values"": false, ""compound_keys"": true, ""loops"": false, ""type"": ""Real"", ""url"": ""https://relational.fel.cvut.cz/dataset/grants"", ""train_mae"": 253217.10438100816, ""train_mse"": 32057786697296.79, ""train_r2"": -0.0006864786007183, ""val_mae"": 395923.1617391563, ""val_mse"": 11680792154813.832, ""val_r2"": -0.0100433886455066}",regression
ctu-hepatitis_hepatitis-original,"{""name"": ""ctu-hepatitis"", ""task_name"": ""hepatitis-original"", ""task_type"": ""binary_classification"", ""target_column"": """", ""target_table"": ""dispat"", ""target_id"": ""m_id"", ""target_timestamp"": ""?"", ""description"": ""PKDD'02 Hepatitis dataset describes 206 instances of Hepatitis B (contrasting them against 484 cases of Hepatitis C)."", ""domain"": ""Medicine"", ""associated_task"": ""Classification"", ""data_types"": [""Numeric"", ""String""], ""size"": ""2.2 MB"", ""count_of_tables"": 7, ""count_of_rows"": 12927, ""count_of_columns"": 26, ""instance_count"": 500, ""missing_values"": false, ""compound_keys"": false, ""loops"": false, ""type"": ""Graph-NB, Simple decision forests for multi-relational classification, Accuracy, 0.75, Show all algorithms"", ""url"": ""https://relational.fel.cvut.cz/dataset/hepatitis"", ""train_accuracy"": 0.7125, ""train_average_precision"": 0.9108487089609788, ""train_f1"": 0.7547974413646056, ""train_roc_auc"": 0.8409983464241422, ""val_accuracy"": 0.78, ""val_average_precision"": 0.9636935537866388, ""val_f1"": 0.8253968253968254, ""val_roc_auc"": 0.9301948051948052}",binary_classification
ctu-hockey_hockey-original,"{""name"": ""ctu-hockey"", ""task_name"": ""hockey-original"", ""task_type"": ""multiclass_classification"", ""target_column"": ""shootCatch"", ""target_table"": ""Master"", ""target_id"": ""playerId"", ""target_timestamp"": ""?"", ""description"": ""The Hockey Database follows the same general design as the Lahman Baseball Database. In addition to the NHL, the Hockey DB covers the following early and alternative leagues: NHA, PCHA, WCHL and WHA. It contains individual and team statistics from 1909-10 through the 2011-12 season. www.opensourcesports.com"", ""domain"": ""Sport"", ""associated_task"": ""Classification"", ""data_types"": [""Numeric"", ""String""], ""size"": ""15.6 MB"", ""count_of_tables"": 22, ""count_of_rows"": 96403, ""count_of_columns"": 300, ""instance_count"": 7579, ""missing_values"": true, ""compound_keys"": true, ""loops"": true, ""type"": ""Real"", ""url"": ""https://relational.fel.cvut.cz/dataset/hockey"", ""train_accuracy"": 0.6514721532458319, ""train_macro_f1"": 0.2633104160785999, ""train_micro_f1"": 0.6514721532458319, ""val_accuracy"": 0.6439716312056738, ""val_macro_f1"": 0.3917169974115617, ""val_micro_f1"": 0.6439716312056738}",multiclass_classification
ctu-lahman_lahman-original,"{""name"": ""ctu-lahman"", ""task_name"": ""lahman-original"", ""task_type"": ""regression"", ""target_column"": ""salary"", ""target_table"": ""salaries"", ""target_id"": ""teamID, playerID, lgID"", ""target_timestamp"": ""yearID"", ""description"": ""Lahman\u2019s baseball database contains complete batting and pitching statistics from 1871 to 2014, plus fielding statistics, standings, team stats, managerial records, post-season data, and more."", ""domain"": ""Sport"", ""associated_task"": ""Regression"", ""data_types"": [""Numeric"", ""String""], ""size"": ""74.1 MB"", ""count_of_tables"": 25, ""count_of_rows"": 470225, ""count_of_columns"": 353, ""instance_count"": 23111, ""missing_values"": true, ""compound_keys"": false, ""loops"": true, ""type"": ""Real"", ""url"": ""https://relational.fel.cvut.cz/dataset/lahman"", ""train_mae"": 1729857.393044513, ""train_mse"": 11880794839779.217, ""train_r2"": -0.3365024349339418, ""val_mae"": 1729459.4971873648, ""val_mse"": 11388628868766.482, ""val_r2"": -0.3559714335193955}",regression
ctu-lahman_lahman-temporal,"{""name"": ""ctu-lahman"", ""task_name"": ""lahman-temporal"", ""task_type"": ""regression"", ""target_column"": ""salary"", ""target_table"": ""salaries"", ""target_id"": ""teamID, playerID, lgID"", ""target_timestamp"": ""yearID"", ""description"": ""Lahman\u2019s baseball database contains complete batting and pitching statistics from 1871 to 2014, plus fielding statistics, standings, team stats, managerial records, post-season data, and more."", ""domain"": ""Sport"", ""associated_task"": ""Regression"", ""data_types"": [""Numeric"", ""String""], ""size"": ""74.1 MB"", ""count_of_tables"": 25, ""count_of_rows"": 470225, ""count_of_columns"": 353, ""instance_count"": 23111, ""missing_values"": true, ""compound_keys"": false, ""loops"": true, ""type"": ""Real"", ""url"": ""https://relational.fel.cvut.cz/dataset/lahman"", ""train_mae"": 1540630.7993599689, ""train_mse"": 9395778125624.742, ""train_r2"": -0.337866380574005, ""val_mae"": 3230035.6327142003, ""val_mse"": 30673278959709.586, ""val_r2"": -0.5154670702567781}",regression
ctu-legalacts_legalacts-original,"{""name"": ""ctu-legalacts"", ""task_name"": ""legalacts-original"", ""task_type"": ""multiclass_classification"", ""target_column"": ""ActKind"", ""target_table"": ""legalacts"", ""target_id"": ""id"", ""target_timestamp"": ""update"", ""description"": ""Bulgarian court decision metadata."", ""domain"": ""Government"", ""associated_task"": ""Classification"", ""data_types"": [""Numeric"", ""String"", ""Temporal""], ""size"": ""240.2 MB"", ""count_of_tables"": 5, ""count_of_rows"": 1756749, ""count_of_columns"": 33, ""instance_count"": 583672, ""missing_values"": true, ""compound_keys"": false, ""loops"": true, ""type"": ""Real"", ""url"": ""https://relational.fel.cvut.cz/dataset/legalacts"", ""train_accuracy"": 0.8107766804083277, ""train_macro_f1"": 0.7298861083489278, ""train_micro_f1"": 0.8107766804083277, ""val_accuracy"": 0.7988794069476769, ""val_macro_f1"": 0.7209501219888421, ""val_micro_f1"": 0.7988794069476769}",multiclass_classification
ctu-legalacts_legalacts-temporal,"{""name"": ""ctu-legalacts"", ""task_name"": ""legalacts-temporal"", ""task_type"": ""multiclass_classification"", ""target_column"": ""ActKind"", ""target_table"": ""legalacts"", ""target_id"": ""id"", ""target_timestamp"": ""update"", ""description"": ""Bulgarian court decision metadata."", ""domain"": ""Government"", ""associated_task"": ""Classification"", ""data_types"": [""Numeric"", ""String"", ""Temporal""], ""size"": ""240.2 MB"", ""count_of_tables"": 5, ""count_of_rows"": 1756749, ""count_of_columns"": 33, ""instance_count"": 583672, ""missing_values"": true, ""compound_keys"": false, ""loops"": true, ""type"": ""Real"", ""url"": ""https://relational.fel.cvut.cz/dataset/legalacts"", ""train_accuracy"": 0.8128669708545557, ""train_macro_f1"": 0.7485729027408983, ""train_micro_f1"": 0.8128669708545557, ""val_accuracy"": 0.6535160832252886, ""val_macro_f1"": 0.5325258617012014, ""val_micro_f1"": 0.6535160832252886}",multiclass_classification
ctu-mesh_mesh-original,"{""name"": ""ctu-mesh"", ""task_name"": ""mesh-original"", ""task_type"": ""multiclass_classification"", ""target_column"": ""num"", ""target_table"": ""mesh"", ""target_id"": ""name"", ""target_timestamp"": ""?"", ""description"": ""This domain is about finite element methods in engineering. The task is to predict how many elements should be used to model each edge of a structure. The target predicate is mesh(Edge,Number) where the Number of elements in the Mesh model can vary between 1 and 17."", ""domain"": ""Industry"", ""associated_task"": ""Regression"", ""data_types"": [""String""], ""size"": ""1.1 MB"", ""count_of_tables"": 29, ""count_of_rows"": 2700, ""count_of_columns"": 37, ""instance_count"": 223, ""missing_values"": false, ""compound_keys"": false, ""loops"": true, ""type"": ""Real"", ""url"": ""https://relational.fel.cvut.cz/dataset/mesh"", ""train_accuracy"": 0.6067415730337079, ""train_macro_f1"": 0.271937926368365, ""train_micro_f1"": 0.6067415730337079, ""val_accuracy"": 0.6363636363636364, ""val_macro_f1"": 0.4047619047619047, ""val_micro_f1"": 0.6363636363636364}",multiclass_classification
ctu-mondial_mondial-original,"{""name"": ""ctu-mondial"", ""task_name"": ""mondial-original"", ""task_type"": ""binary_classification"", ""target_column"": ""Target"", ""target_table"": ""target"", ""target_id"": ""Country"", ""target_timestamp"": ""?"", ""description"": ""A geography dataset from University of G\u00f6ttingen describes 114 Christian countries and 71 non-Christian countries. www.dbis.informatik.uni-goettingen.de"", ""domain"": ""Geography"", ""associated_task"": ""Classification"", ""data_types"": [""Numeric"", ""String"", ""Temporal""], ""size"": ""3.2 MB"", ""count_of_tables"": 40, ""count_of_rows"": 21497, ""count_of_columns"": 167, ""instance_count"": 204, ""missing_values"": true, ""compound_keys"": true, ""loops"": true, ""type"": ""Real"", ""url"": ""https://relational.fel.cvut.cz/dataset/mondial"", ""train_accuracy"": 0.9079754601226994, ""train_average_precision"": 0.9593220895062424, ""train_f1"": 0.8780487804878049, ""train_roc_auc"": 0.9626213592233008, ""val_accuracy"": 0.85, ""val_average_precision"": 0.885, ""val_f1"": 0.7272727272727273, ""val_roc_auc"": 0.9466666666666668}",binary_classification
ctu-movielens_movielens-original,"{""name"": ""ctu-movielens"", ""task_name"": ""movielens-original"", ""task_type"": ""binary_classification"", ""target_column"": ""u_gender"", ""target_table"": ""users"", ""target_id"": ""userid"", ""target_timestamp"": ""?"", ""description"": ""MovieLens data set from the UC Irvine machine learning repository."", ""domain"": ""Entertainment"", ""associated_task"": ""Classification"", ""data_types"": [""Numeric"", ""String""], ""size"": ""154.9 MB"", ""count_of_tables"": 7, ""count_of_rows"": 1214702, ""count_of_columns"": 24, ""instance_count"": 6039, ""missing_values"": false, ""compound_keys"": false, ""loops"": false, ""type"": ""Real"", ""url"": ""https://relational.fel.cvut.cz/dataset/movielens"", ""train_accuracy"": 0.7149658455806251, ""train_average_precision"": 0.7813564648181549, ""train_f1"": 0.8337960168980084, ""train_roc_auc"": 0.5964417077817852, ""val_accuracy"": 0.7317880794701986, ""val_average_precision"": 0.7593378968704092, ""val_f1"": 0.8451242829827916, ""val_roc_auc"": 0.5569660912798168}",binary_classification
ctu-musklarge_musklarge-original,"{""name"": ""ctu-musklarge"", ""task_name"": ""musklarge-original"", ""task_type"": ""binary_classification"", ""target_column"": """", ""target_table"": """", ""target_id"": """", ""target_timestamp"": """", ""description"": """", ""domain"": """", ""associated_task"": """", ""data_types"": [], ""size"": """", ""count_of_tables"": """", ""count_of_rows"": """", ""count_of_columns"": """", ""instance_count"": """", ""missing_values"": """", ""compound_keys"": """", ""loops"": """", ""type"": """", ""url"": ""https://relational.fel.cvut.cz/dataset/musklarge"", ""train_accuracy"": 0.6219512195121951, ""train_average_precision"": 0.5388200507269908, ""train_f1"": 0.0, ""train_roc_auc"": 0.6571790006325111, ""val_accuracy"": 0.7, ""val_average_precision"": 0.5888888888888889, ""val_f1"": 0.0, ""val_roc_auc"": 0.8095238095238095}",binary_classification
ctu-musksmall_musksmall-original,"{""name"": ""ctu-musksmall"", ""task_name"": ""musksmall-original"", ""task_type"": ""binary_classification"", ""target_column"": """", ""target_table"": """", ""target_id"": """", ""target_timestamp"": """", ""description"": """", ""domain"": """", ""associated_task"": """", ""data_types"": [], ""size"": """", ""count_of_tables"": """", ""count_of_rows"": """", ""count_of_columns"": """", ""instance_count"": """", ""missing_values"": """", ""compound_keys"": """", ""loops"": """", ""type"": """", ""url"": ""https://relational.fel.cvut.cz/dataset/musksmall"", ""train_accuracy"": 0.8243243243243243, ""train_average_precision"": 0.9227220492969892, ""train_f1"": 0.8433734939759037, ""train_roc_auc"": 0.9230769230769232, ""val_accuracy"": 0.7777777777777778, ""val_average_precision"": 0.9428571428571428, ""val_f1"": 0.8, ""val_roc_auc"": 0.9}",binary_classification
ctu-mutagenesis_mutagenesis-original,"{""name"": ""ctu-mutagenesis"", ""task_name"": ""mutagenesis-original"", ""task_type"": ""binary_classification"", ""target_column"": ""mutagenic"", ""target_table"": ""molecule"", ""target_id"": ""molecule_id"", ""target_timestamp"": ""?"", ""description"": ""The dataset comprises of 230 molecules trialed for mutagenicity on Salmonella typhimurium. A subset of 188 molecules is learnable using linear regression. This subset was later termed the \u201dregression friendly\u201d dataset. The remaining subset of 42 molecules is named the \u201dregression unfriendly\u201d dataset. Note that authors use this dataset with a variable set of the background knowledge (count of features in \u201dmolecule\u201d table) and consequently, the reported accuracies do not have to be directly comparable."", ""domain"": ""Medicine"", ""associated_task"": ""Classification"", ""data_types"": [""Numeric"", ""String""], ""size"": ""900 KB"", ""count_of_tables"": 3, ""count_of_rows"": 10324, ""count_of_columns"": 14, ""instance_count"": 188, ""missing_values"": false, ""compound_keys"": false, ""loops"": true, ""type"": ""Real"", ""url"": ""https://relational.fel.cvut.cz/dataset/mutagenesis"", ""train_accuracy"": 0.6733333333333333, ""train_average_precision"": 0.9728734478499572, ""train_f1"": 0.8047808764940239, ""train_roc_auc"": 0.9337239846433624, ""val_accuracy"": 0.631578947368421, ""val_average_precision"": 0.9566239316239318, ""val_f1"": 0.7741935483870968, ""val_roc_auc"": 0.9166666666666666}",binary_classification
ctu-northwind_northwind-original,"{""name"": ""ctu-northwind"", ""task_name"": ""northwind-original"", ""task_type"": ""regression"", ""target_column"": ""Freight"", ""target_table"": ""Orders"", ""target_id"": ""OrderID"", ""target_timestamp"": ""OrderId"", ""description"": ""The Northwind database contains the sales data for a fictitious company called Northwind Traders, which imports and exports specialty foods from around the world."", ""domain"": ""Retail"", ""associated_task"": ""Regression"", ""data_types"": [""Numeric"", ""String"", ""LOB"", ""Temporal""], ""size"": ""1.1 MB"", ""count_of_tables"": 29, ""count_of_rows"": 3308, ""count_of_columns"": 191, ""instance_count"": 830, ""missing_values"": true, ""compound_keys"": false, ""loops"": false, ""type"": ""Synthetic"", ""url"": ""https://relational.fel.cvut.cz/dataset/northwind"", ""train_mae"": 72.02426244850619, ""train_mse"": 19646.09251809224, ""train_r2"": -0.3169743331282639, ""val_mae"": 52.34393348464047, ""val_mse"": 8957.328697199078, ""val_r2"": -0.3735989194262583}",regression
ctu-northwind_northwind-temporal,"{""name"": ""ctu-northwind"", ""task_name"": ""northwind-temporal"", ""task_type"": ""regression"", ""target_column"": ""Freight"", ""target_table"": ""Orders"", ""target_id"": ""OrderID"", ""target_timestamp"": ""OrderId"", ""description"": ""The Northwind database contains the sales data for a fictitious company called Northwind Traders, which imports and exports specialty foods from around the world."", ""domain"": ""Retail"", ""associated_task"": ""Regression"", ""data_types"": [""Numeric"", ""String"", ""LOB"", ""Temporal""], ""size"": ""1.1 MB"", ""count_of_tables"": 29, ""count_of_rows"": 3308, ""count_of_columns"": 191, ""instance_count"": 830, ""missing_values"": true, ""compound_keys"": false, ""loops"": false, ""type"": ""Synthetic"", ""url"": ""https://relational.fel.cvut.cz/dataset/northwind"", ""train_mae"": 69.97082082720502, ""train_mse"": 17411.825248121386, ""train_r2"": -0.3463666453244483, ""val_mae"": 68.15722777929832, ""val_mse"": 17048.947206058718, ""val_r2"": -0.3232379840128803}",regression
ctu-pima_pima-original,"{""name"": ""ctu-pima"", ""task_name"": ""pima-original"", ""task_type"": ""binary_classification"", ""target_column"": ""arg2"", ""target_table"": ""pima"", ""target_id"": ""arg1"", ""target_timestamp"": ""?"", ""description"": ""The National Institute of Diabetes and Digestive and Kidney Diseases conducted a study on 768 adult female Pima Indians living near Phoenix."", ""domain"": ""Medicine"", ""associated_task"": ""Classification"", ""data_types"": [""Numeric"", ""String""], ""size"": ""700 KB"", ""count_of_tables"": 9, ""count_of_rows"": 6912, ""count_of_columns"": 18, ""instance_count"": 768, ""missing_values"": false, ""compound_keys"": false, ""loops"": false, ""type"": ""Real"", ""url"": ""https://relational.fel.cvut.cz/dataset/pima"", ""train_accuracy"": 0.6416938110749185, ""train_average_precision"": 0.686799168771835, ""train_f1"": 0.0, ""train_roc_auc"": 0.8126730502999538, ""val_accuracy"": 0.6233766233766234, ""val_average_precision"": 0.7028808098065753, ""val_f1"": 0.0, ""val_roc_auc"": 0.8020833333333334}",binary_classification
ctu-premiereleague_premiereleague-original,"{""name"": ""ctu-premiereleague"", ""task_name"": ""premiereleague-original"", ""task_type"": ""multiclass_classification"", ""target_column"": ""ResultOfTeamHome"", ""target_table"": ""Matches"", ""target_id"": ""MatchID"", ""target_timestamp"": ""MatchDate"", ""description"": ""A database with information about football matches from the UK Premier League. Lists Players, Teams, and matches with action counts for each player."", ""domain"": ""Sport"", ""associated_task"": ""Classification"", ""data_types"": [""Numeric"", ""String"", ""Temporal""], ""size"": ""11.3 MB"", ""count_of_tables"": 4, ""count_of_rows"": 10716, ""count_of_columns"": 217, ""instance_count"": 380, ""missing_values"": false, ""compound_keys"": false, ""loops"": true, ""type"": ""Real"", ""url"": ""https://relational.fel.cvut.cz/dataset/premiereleague"", ""train_accuracy"": 0.4572368421052631, ""train_macro_f1"": 0.2091798344620015, ""train_micro_f1"": 0.4572368421052631, ""val_accuracy"": 0.4736842105263157, ""val_macro_f1"": 0.2142857142857143, ""val_micro_f1"": 0.4736842105263157}",multiclass_classification
ctu-premiereleague_premiereleague-temporal,"{""name"": ""ctu-premiereleague"", ""task_name"": ""premiereleague-temporal"", ""task_type"": ""multiclass_classification"", ""target_column"": ""ResultOfTeamHome"", ""target_table"": ""Matches"", ""target_id"": ""MatchID"", ""target_timestamp"": ""MatchDate"", ""description"": ""A database with information about football matches from the UK Premier League. Lists Players, Teams, and matches with action counts for each player."", ""domain"": ""Sport"", ""associated_task"": ""Classification"", ""data_types"": [""Numeric"", ""String"", ""Temporal""], ""size"": ""11.3 MB"", ""count_of_tables"": 4, ""count_of_rows"": 10716, ""count_of_columns"": 217, ""instance_count"": 380, ""missing_values"": false, ""compound_keys"": false, ""loops"": true, ""type"": ""Real"", ""url"": ""https://relational.fel.cvut.cz/dataset/premiereleague"", ""train_accuracy"": 0.4379084967320261, ""train_macro_f1"": 0.203030303030303, ""train_micro_f1"": 0.4379084967320261, ""val_accuracy"": 0.48, ""val_macro_f1"": 0.2162162162162162, ""val_micro_f1"": 0.48}",multiclass_classification
ctu-restbase_restbase-original,"{""name"": ""ctu-restbase"", ""task_name"": ""restbase-original"", ""task_type"": ""regression"", ""target_column"": ""review"", ""target_table"": ""generalinfo"", ""target_id"": ""id_restaurant"", ""target_timestamp"": ""?"", ""description"": ""A database of restaurants in San Francisco. The goal is to predict the customer's satisfaction."", ""domain"": ""Retail"", ""associated_task"": ""Regression"", ""data_types"": [""Numeric"", ""String""], ""size"": ""3 MB"", ""count_of_tables"": 3, ""count_of_rows"": 19148, ""count_of_columns"": 12, ""instance_count"": 9524, ""missing_values"": true, ""compound_keys"": false, ""loops"": true, ""type"": ""Real"", ""url"": ""https://relational.fel.cvut.cz/dataset/restbase"", ""train_mae"": 0.3322611414230155, ""train_mse"": 0.3201236018433439, ""train_r2"": -0.2749885148965485, ""val_mae"": 0.3261009810490454, ""val_mse"": 0.3049811263682939, ""val_r2"": -0.2964686844602875}",regression
ctu-sales_sales-original,"{""name"": ""ctu-sales"", ""task_name"": ""sales-original"", ""task_type"": ""regression"", ""target_column"": """", ""target_table"": """", ""target_id"": """", ""target_timestamp"": """", ""description"": """", ""domain"": """", ""associated_task"": """", ""data_types"": [], ""size"": """", ""count_of_tables"": """", ""count_of_rows"": """", ""count_of_columns"": """", ""instance_count"": """", ""missing_values"": """", ""compound_keys"": """", ""loops"": """", ""type"": """", ""url"": ""https://relational.fel.cvut.cz/dataset/sales"", ""train_mae"": 1.8019187079015888, ""train_mse"": 76.23855691107269, ""train_r2"": 0.9990815797727498, ""val_mae"": 1.7926807733242345, ""val_mse"": 75.22095631127848, ""val_r2"": 0.9990923918691432}",regression
ctu-sap_sap-original,"{""name"": ""ctu-sap"", ""task_name"": ""sap-original"", ""task_type"": ""binary_classification"", ""target_column"": ""RESPONSE"", ""target_table"": ""Mailings1_2"", ""target_id"": ""REFID"", ""target_timestamp"": ""REF_DATE"", ""description"": ""You are a member of the Sales Management team in a large retail bank. The current date is July 02, 2007. Your Sales Director has just asked you to generate additional revenues of $1,500,000 before September 01, 2007. You must find ways to sell more \""Credit++\"" \u2013 the new product of consumer credit that has been developed within your company for the last six months."", ""domain"": ""Retail"", ""associated_task"": ""Classification"", ""data_types"": [""Numeric"", ""String"", ""Temporal""], ""size"": ""246.9 MB"", ""count_of_tables"": 5, ""count_of_rows"": 4130447, ""count_of_columns"": 45, ""instance_count"": 60024, ""missing_values"": true, ""compound_keys"": false, ""loops"": false, ""type"": ""Synthetic"", ""url"": ""https://relational.fel.cvut.cz/dataset/sap"", ""train_accuracy"": 0.9623229166666668, ""train_average_precision"": 0.4169153330244022, ""train_f1"": 0.4882810657863711, ""train_roc_auc"": 0.695695719447828, ""val_accuracy"": 0.95925, ""val_average_precision"": 0.4078231300659645, ""val_f1"": 0.4773779836123976, ""val_roc_auc"": 0.6827021878639788}",binary_classification
ctu-sap_sap-sales,"{""name"": ""ctu-sap"", ""task_name"": ""sap-sales"", ""task_type"": ""regression"", ""target_column"": ""RESPONSE"", ""target_table"": ""Mailings1_2"", ""target_id"": ""REFID"", ""target_timestamp"": ""REF_DATE"", ""description"": ""You are a member of the Sales Management team in a large retail bank. The current date is July 02, 2007. Your Sales Director has just asked you to generate additional revenues of $1,500,000 before September 01, 2007. You must find ways to sell more \""Credit++\"" \u2013 the new product of consumer credit that has been developed within your company for the last six months."", ""domain"": ""Retail"", ""associated_task"": ""Classification"", ""data_types"": [""Numeric"", ""String"", ""Temporal""], ""size"": ""246.9 MB"", ""count_of_tables"": 5, ""count_of_rows"": 4130447, ""count_of_columns"": 45, ""instance_count"": 60024, ""missing_values"": true, ""compound_keys"": false, ""loops"": false, ""type"": ""Synthetic"", ""url"": ""https://relational.fel.cvut.cz/dataset/sap"", ""train_mae"": 0.0252481837392868, ""train_mse"": 0.0016587112644235, ""train_r2"": 0.999800967312005, ""val_mae"": 0.0252915634533216, ""val_mse"": 0.0016623570031964, ""val_r2"": 0.9998008136869094}",regression
ctu-sap_sap-sales-temporal,"{""name"": ""ctu-sap"", ""task_name"": ""sap-sales-temporal"", ""task_type"": ""regression"", ""target_column"": ""RESPONSE"", ""target_table"": ""Mailings1_2"", ""target_id"": ""REFID"", ""target_timestamp"": ""REF_DATE"", ""description"": ""You are a member of the Sales Management team in a large retail bank. The current date is July 02, 2007. Your Sales Director has just asked you to generate additional revenues of $1,500,000 before September 01, 2007. You must find ways to sell more \""Credit++\"" \u2013 the new product of consumer credit that has been developed within your company for the last six months."", ""domain"": ""Retail"", ""associated_task"": ""Classification"", ""data_types"": [""Numeric"", ""String"", ""Temporal""], ""size"": ""246.9 MB"", ""count_of_tables"": 5, ""count_of_rows"": 4130447, ""count_of_columns"": 45, ""instance_count"": 60024, ""missing_values"": true, ""compound_keys"": false, ""loops"": false, ""type"": ""Synthetic"", ""url"": ""https://relational.fel.cvut.cz/dataset/sap"", ""train_mae"": 0.0430361974884413, ""train_mse"": 0.0025722979226916, ""train_r2"": 0.9996913527627672, ""val_mae"": 0.038491588552031, ""val_mse"": 0.0021005104248082, ""val_r2"": 0.9997480714358208}",regression
ctu-seznam_seznam-original,"{""name"": ""ctu-seznam"", ""task_name"": ""seznam-original"", ""task_type"": ""regression"", ""target_column"": ""kc_proklikano"", ""target_table"": ""probehnuto"", ""target_id"": ""client_id, sluzba"", ""target_timestamp"": ""month_year_datum_transakce"", ""description"": ""Seznam.cz is a web portal and search engine in the Czech Republic. The data represent online advertisement expenditures from Seznam's \""wallet\"". client: location and domain field of the client (anonymized) dobito: prepaid into a wallet in Czech currency probehnuto: charged from the wallet in Czech currency probehnuto_mimo_penezenku: charged in Czech currency, but not from the wallet"", ""domain"": ""Retail"", ""associated_task"": ""Regression"", ""data_types"": [""Numeric"", ""String"", ""Temporal""], ""size"": ""146.8 MB"", ""count_of_tables"": 4, ""count_of_rows"": 2681983, ""count_of_columns"": 14, ""instance_count"": 1458233, ""missing_values"": true, ""compound_keys"": false, ""loops"": false, ""type"": ""Real"", ""url"": ""https://relational.fel.cvut.cz/dataset/seznam"", ""train_mae"": 4356.530364183576, ""train_mse"": 2731576322.189754, ""train_r2"": 0.1055483707710638, ""val_mae"": 4509.821052014968, ""val_mse"": 5974089673.876816, ""val_r2"": 0.0535399567704427}",regression
ctu-seznam_seznam-temporal,"{""name"": ""ctu-seznam"", ""task_name"": ""seznam-temporal"", ""task_type"": ""regression"", ""target_column"": ""kc_proklikano"", ""target_table"": ""probehnuto"", ""target_id"": ""client_id, sluzba"", ""target_timestamp"": ""month_year_datum_transakce"", ""description"": ""Seznam.cz is a web portal and search engine in the Czech Republic. The data represent online advertisement expenditures from Seznam's \""wallet\"". client: location and domain field of the client (anonymized) dobito: prepaid into a wallet in Czech currency probehnuto: charged from the wallet in Czech currency probehnuto_mimo_penezenku: charged in Czech currency, but not from the wallet"", ""domain"": ""Retail"", ""associated_task"": ""Regression"", ""data_types"": [""Numeric"", ""String"", ""Temporal""], ""size"": ""146.8 MB"", ""count_of_tables"": 4, ""count_of_rows"": 2681983, ""count_of_columns"": 14, ""instance_count"": 1458233, ""missing_values"": true, ""compound_keys"": false, ""loops"": false, ""type"": ""Real"", ""url"": ""https://relational.fel.cvut.cz/dataset/seznam"", ""train_mae"": 4502.659927452596, ""train_mse"": 3423659813.5842524, ""train_r2"": 0.0898390473846014, ""val_mae"": 3890.219846562588, ""val_mse"": 1638743340.2084484, ""val_r2"": 0.1421341175562258}",regression
ctu-sfscores_sfscores-original,"{""name"": ""ctu-sfscores"", ""task_name"": ""sfscores-original"", ""task_type"": ""regression"", ""target_column"": ""score"", ""target_table"": ""inspections"", ""target_id"": ""business_id"", ""target_timestamp"": ""date"", ""description"": ""The San Francisco Dept. of Public Health\u2019s database of eateries, inspections of those eateries, and violations found during the inspections. The task is to predict the unscheduled inspection scores from 2013 to 2016. The scores range from 1 to 100, where 100 means that the establishment meets all required standards. Beware of temporal leakages: you are not permitted to use violations from the predicted inspection to predict the inspection score as that would be too easy."", ""domain"": ""Government"", ""associated_task"": ""Regression"", ""data_types"": [""Numeric"", ""String"", ""Temporal""], ""size"": ""10.3 MB"", ""count_of_tables"": 3, ""count_of_rows"": 66153, ""count_of_columns"": 25, ""instance_count"": 23833, ""missing_values"": true, ""compound_keys"": false, ""loops"": false, ""type"": ""Real"", ""url"": ""https://relational.fel.cvut.cz/dataset/sfscores"", ""train_mae"": 2.119298504626832, ""train_mse"": 12.159878300624207, ""train_r2"": 0.8193629060665848, ""val_mae"": 2.033027678542996, ""val_mse"": 11.011264213996476, ""val_r2"": 0.8236505717594329}",regression
ctu-sfscores_sfscores-temporal,"{""name"": ""ctu-sfscores"", ""task_name"": ""sfscores-temporal"", ""task_type"": ""regression"", ""target_column"": ""score"", ""target_table"": ""inspections"", ""target_id"": ""business_id"", ""target_timestamp"": ""date"", ""description"": ""The San Francisco Dept. of Public Health\u2019s database of eateries, inspections of those eateries, and violations found during the inspections. The task is to predict the unscheduled inspection scores from 2013 to 2016. The scores range from 1 to 100, where 100 means that the establishment meets all required standards. Beware of temporal leakages: you are not permitted to use violations from the predicted inspection to predict the inspection score as that would be too easy."", ""domain"": ""Government"", ""associated_task"": ""Regression"", ""data_types"": [""Numeric"", ""String"", ""Temporal""], ""size"": ""10.3 MB"", ""count_of_tables"": 3, ""count_of_rows"": 66153, ""count_of_columns"": 25, ""instance_count"": 23833, ""missing_values"": true, ""compound_keys"": false, ""loops"": false, ""type"": ""Real"", ""url"": ""https://relational.fel.cvut.cz/dataset/sfscores"", ""train_mae"": 1.313009673584682, ""train_mse"": 5.693562062015205, ""train_r2"": 0.914370825413139, ""val_mae"": 2.0697686749573654, ""val_mse"": 9.785762097902074, ""val_r2"": 0.856782203357814}",regression
ctu-stats_stats-original,"{""name"": ""ctu-stats"", ""task_name"": ""stats-original"", ""task_type"": ""regression"", ""target_column"": ""Reputation"", ""target_table"": ""users"", ""target_id"": ""Id"", ""target_timestamp"": ""LastAccessDate"", ""description"": ""An anonymized dump of all user-contributed content on the Stats Stack Exchange network."", ""domain"": ""Education"", ""associated_task"": ""Regression"", ""data_types"": [""Numeric"", ""String"", ""Temporal""], ""size"": ""658.4 MB"", ""count_of_tables"": 8, ""count_of_rows"": 1027838, ""count_of_columns"": 71, ""instance_count"": 41793, ""missing_values"": true, ""compound_keys"": false, ""loops"": true, ""type"": ""Real"", ""url"": ""https://relational.fel.cvut.cz/dataset/stats"", ""train_mae"": 56.4324050941086, ""train_mse"": 352199.2547793788, ""train_r2"": 0.0253106928916866, ""val_mae"": 90.97043362457956, ""val_mse"": 3102555.1008457504, ""val_r2"": 0.0044210119167258}",regression
ctu-stats_stats-temporal,"{""name"": ""ctu-stats"", ""task_name"": ""stats-temporal"", ""task_type"": ""regression"", ""target_column"": ""Reputation"", ""target_table"": ""users"", ""target_id"": ""Id"", ""target_timestamp"": ""LastAccessDate"", ""description"": ""An anonymized dump of all user-contributed content on the Stats Stack Exchange network."", ""domain"": ""Education"", ""associated_task"": ""Regression"", ""data_types"": [""Numeric"", ""String"", ""Temporal""], ""size"": ""658.4 MB"", ""count_of_tables"": 8, ""count_of_rows"": 1027838, ""count_of_columns"": 71, ""instance_count"": 41793, ""missing_values"": true, ""compound_keys"": false, ""loops"": true, ""type"": ""Real"", ""url"": ""https://relational.fel.cvut.cz/dataset/stats"", ""train_mae"": 72.23184916049206, ""train_mse"": 849951.3811292852, ""train_r2"": 0.0223575317384013, ""val_mae"": 19.342281456343493, ""val_mse"": 6671.95723237156, ""val_r2"": 0.1768015627196616}",regression
ctu-studentloan_studentloan-original,"{""name"": ""ctu-studentloan"", ""task_name"": ""studentloan-original"", ""task_type"": ""binary_classification"", ""target_column"": ""bool"", ""target_table"": ""no_payment_due"", ""target_id"": ""name"", ""target_timestamp"": ""?"", ""description"": ""Student Loan contains data about students enrollment and employment status, and the aim is to find rules that define a students' obligation for paying his/her loan back."", ""domain"": ""Education"", ""associated_task"": ""Classification"", ""data_types"": [""Numeric"", ""String""], ""size"": ""900 KB"", ""count_of_tables"": 10, ""count_of_rows"": 5288, ""count_of_columns"": 15, ""instance_count"": 1000, ""missing_values"": false, ""compound_keys"": false, ""loops"": false, ""type"": ""Real"", ""url"": ""https://relational.fel.cvut.cz/dataset/studentloan"", ""train_accuracy"": 0.7075, ""train_average_precision"": 0.9434368251202294, ""train_f1"": 0.7346938775510204, ""train_roc_auc"": 0.8981526692708333, ""val_accuracy"": 0.68, ""val_average_precision"": 0.942519902171546, ""val_f1"": 0.7241379310344828, ""val_roc_auc"": 0.8784478728377747}",binary_classification
ctu-thrombosis_thrombosis-original,"{""name"": ""ctu-thrombosis"", ""task_name"": ""thrombosis-original"", ""task_type"": ""multiclass_classification"", ""target_column"": ""Thrombosis"", ""target_table"": ""Examination"", ""target_id"": ""ID"", ""target_timestamp"": ""Examination Date"", ""description"": ""PKDD'99 Medical dataset describes 41 patients with Thrombosis."", ""domain"": ""Medicine"", ""associated_task"": ""Classification"", ""data_types"": [""Numeric"", ""String"", ""Temporal""], ""size"": ""1.9 MB"", ""count_of_tables"": 3, ""count_of_rows"": 15899, ""count_of_columns"": 64, ""instance_count"": 806, ""missing_values"": true, ""compound_keys"": false, ""loops"": false, ""type"": ""Real"", ""url"": ""https://relational.fel.cvut.cz/dataset/thrombosis"", ""train_accuracy"": 0.976452119309262, ""train_macro_f1"": 0.5479127134724858, ""train_micro_f1"": 0.976452119309262, ""val_accuracy"": 0.975, ""val_macro_f1"": 0.625, ""val_micro_f1"": 0.975}",multiclass_classification
ctu-toxicology_toxicology-original,"{""name"": ""ctu-toxicology"", ""task_name"": ""toxicology-original"", ""task_type"": ""binary_classification"", ""target_column"": """", ""target_table"": """", ""target_id"": """", ""target_timestamp"": """", ""description"": """", ""domain"": """", ""associated_task"": """", ""data_types"": [], ""size"": """", ""count_of_tables"": """", ""count_of_rows"": """", ""count_of_columns"": """", ""instance_count"": """", ""missing_values"": """", ""compound_keys"": """", ""loops"": """", ""type"": """", ""url"": ""https://relational.fel.cvut.cz/dataset/toxicology"", ""train_accuracy"": 0.5766423357664233, ""train_average_precision"": 0.6340689359340541, ""train_f1"": 0.7314814814814815, ""train_roc_auc"": 0.5934635530336098, ""val_accuracy"": 0.5294117647058824, ""val_average_precision"": 0.6815019584627429, ""val_f1"": 0.6923076923076923, ""val_roc_auc"": 0.5902777777777777}",binary_classification
ctu-tpcc_tpcc-original,"{""name"": ""ctu-tpcc"", ""task_name"": ""tpcc-original"", ""task_type"": ""binary_classification"", ""target_column"": ""c_credit"", ""target_table"": ""C_Customer"", ""target_id"": ""c_id"", ""target_timestamp"": ""c_since"", ""description"": ""TPC-C is the benchmark published by the Transaction Processing Performance Council (TPC) for Online Transaction Processing (OLTP)."", ""domain"": ""Retail"", ""associated_task"": ""Classification"", ""data_types"": [""Numeric"", ""String"", ""Temporal""], ""size"": ""165.8 MB"", ""count_of_tables"": 9, ""count_of_rows"": 593933, ""count_of_columns"": 93, ""instance_count"": 28600, ""missing_values"": true, ""compound_keys"": true, ""loops"": true, ""type"": ""Synthetic"", ""url"": ""https://relational.fel.cvut.cz/dataset/tpcc"", ""train_accuracy"": 0.899, ""train_average_precision"": 0.9040685227366215, ""train_f1"": 0.94681411269089, ""train_roc_auc"": 0.513443546628022, ""val_accuracy"": 0.8993333333333333, ""val_average_precision"": 0.8984885578639557, ""val_f1"": 0.946998946998947, ""val_roc_auc"": 0.5028835438563763}",binary_classification
ctu-tpcd_tpcd-original,"{""name"": ""ctu-tpcd"", ""task_name"": ""tpcd-original"", ""task_type"": ""multiclass_classification"", ""target_column"": ""c_mktsegment"", ""target_table"": ""dss_customer"", ""target_id"": ""c_custkey"", ""target_timestamp"": ""?"", ""description"": ""TPC-D represents a broad range of decision support (DS) applications that require complex, long running queries against large complex data structures."", ""domain"": ""Retail"", ""associated_task"": ""Classification"", ""data_types"": [""Numeric"", ""String"", ""Temporal""], ""size"": ""2.5 GB"", ""count_of_tables"": 8, ""count_of_rows"": 8558843, ""count_of_columns"": 61, ""instance_count"": 147600, ""missing_values"": false, ""compound_keys"": true, ""loops"": true, ""type"": ""Synthetic"", ""url"": ""https://relational.fel.cvut.cz/dataset/tpcd"", ""train_accuracy"": 0.630275, ""train_macro_f1"": 0.6270428093726476, ""train_micro_f1"": 0.630275, ""val_accuracy"": 0.6292, ""val_macro_f1"": 0.6263674012258182, ""val_micro_f1"": 0.6292}",multiclass_classification
ctu-tpch_tpch-original,"{""name"": ""ctu-tpch"", ""task_name"": ""tpch-original"", ""task_type"": ""regression"", ""target_column"": ""c_acctbal"", ""target_table"": ""customer"", ""target_id"": ""c_custkey"", ""target_timestamp"": ""?"", ""description"": ""TPC-H is the benchmark published by the Transaction Processing Performance Council (TPC) for decision support."", ""domain"": ""Retail"", ""associated_task"": ""Regression"", ""data_types"": [""Numeric"", ""String"", ""Temporal""], ""size"": ""2 GB"", ""count_of_tables"": 8, ""count_of_rows"": 6885051, ""count_of_columns"": 61, ""instance_count"": 148534, ""missing_values"": false, ""compound_keys"": true, ""loops"": true, ""type"": ""Synthetic"", ""url"": ""https://relational.fel.cvut.cz/dataset/tpch"", ""train_mae"": 2746.509530326497, ""train_mse"": 10073411.867977144, ""train_r2"": -5.437365219851387e-06, ""val_mae"": 2767.1899680286456, ""val_mse"": 10167666.148212338, ""val_r2"": -8.485304283345485e-05}",regression
ctu-triazine_triazine-original,"{""name"": ""ctu-triazine"", ""task_name"": ""triazine-original"", ""task_type"": ""regression"", ""target_column"": ""activity"", ""target_table"": ""molecule"", ""target_id"": ""molecule_id"", ""target_timestamp"": ""?"", ""description"": ""A pyrimidine QSAR dataset. The the goal is to predict the inhibition of dihydrofolate reductase by pyrimidines."", ""domain"": ""Medicine"", ""associated_task"": ""Regression"", ""data_types"": [""Numeric""], ""size"": ""200 KB"", ""count_of_tables"": 2, ""count_of_rows"": 1302, ""count_of_columns"": 14, ""instance_count"": 186, ""missing_values"": false, ""compound_keys"": false, ""loops"": false, ""type"": ""Real"", ""url"": ""https://relational.fel.cvut.cz/dataset/triazine"", ""train_mae"": 0.1335580442351783, ""train_mse"": 0.03787972590484, ""train_r2"": -0.4453065250477728, ""val_mae"": 0.0869479444026947, ""val_mse"": 0.0130465593496314, ""val_r2"": -0.1910768332705252}",regression
ctu-uwcse_uwcse-original,"{""name"": ""ctu-uwcse"", ""task_name"": ""uwcse-original"", ""task_type"": ""multiclass_classification"", ""target_column"": """", ""target_table"": """", ""target_id"": """", ""target_timestamp"": """", ""description"": """", ""domain"": """", ""associated_task"": """", ""data_types"": [], ""size"": """", ""count_of_tables"": """", ""count_of_rows"": """", ""count_of_columns"": """", ""instance_count"": """", ""missing_values"": """", ""compound_keys"": """", ""loops"": """", ""type"": """", ""url"": ""https://relational.fel.cvut.cz/dataset/uwcse"", ""train_accuracy"": 0.7567567567567568, ""train_macro_f1"": 0.5810220852593735, ""train_micro_f1"": 0.7567567567567568, ""val_accuracy"": 0.7857142857142857, ""val_macro_f1"": 0.5416666666666666, ""val_micro_f1"": 0.7857142857142857}",multiclass_classification
ctu-visualgenome_visualgenome-original,"{""name"": ""ctu-visualgenome"", ""task_name"": ""visualgenome-original"", ""task_type"": ""multiclass_classification"", ""target_column"": ""OBJ_CLASS_ID"", ""target_table"": ""IMG_OBJ"", ""target_id"": ""IMG_ID, OBJ_SAMPLE_ID"", ""target_timestamp"": ""?"", ""description"": ""Visual Genome is a dataset, a knowledge base, an ongoing effort to connect structured image concepts to language."", ""domain"": ""Education"", ""associated_task"": ""Classification"", ""data_types"": [""Numeric"", ""String""], ""size"": ""322.4 MB"", ""count_of_tables"": 6, ""count_of_rows"": 2950415, ""count_of_columns"": 20, ""instance_count"": 1350342, ""missing_values"": false, ""compound_keys"": true, ""loops"": true, ""type"": ""Real"", ""url"": ""https://relational.fel.cvut.cz/dataset/visualgenome"", ""train_accuracy"": 0.9600962231898174, ""train_macro_f1"": 0.906895861729948, ""train_micro_f1"": 0.9600962231898174, ""val_accuracy"": 0.9580205869920372, ""val_macro_f1"": 0.9024194682519464, ""val_micro_f1"": 0.9580205869920372}",multiclass_classification
ctu-walmart_walmart-original,"{""name"": ""ctu-walmart"", ""task_name"": ""walmart-original"", ""task_type"": ""regression"", ""target_column"": ""units"", ""target_table"": ""train"", ""target_id"": ""store_nbr, item_nbr"", ""target_timestamp"": ""date"", ""description"": ""Walmart challenges participants to accurately predict the sales of 111 potentially weather-sensitive products (like umbrellas, bread, and milk) around the time of major weather events at 45 of their retail locations."", ""domain"": ""Retail"", ""associated_task"": ""Regression"", ""data_types"": [""Numeric"", ""String"", ""Temporal""], ""size"": ""167.3 MB"", ""count_of_tables"": 4, ""count_of_rows"": 4628497, ""count_of_columns"": 27, ""instance_count"": 4607680, ""missing_values"": true, ""compound_keys"": false, ""loops"": false, ""type"": ""Real"", ""url"": ""https://relational.fel.cvut.cz/dataset/walmart"", ""train_mae"": 0.9872893927581428, ""train_mse"": 89.75769176628552, ""train_r2"": -0.0109789135126636, ""val_mae"": 0.9826771483021484, ""val_mse"": 177.68553577616078, ""val_r2"": -0.0054643222378498}",regression
ctu-walmart_walmart-temporal,"{""name"": ""ctu-walmart"", ""task_name"": ""walmart-temporal"", ""task_type"": ""regression"", ""target_column"": ""units"", ""target_table"": ""train"", ""target_id"": ""store_nbr, item_nbr"", ""target_timestamp"": ""date"", ""description"": ""Walmart challenges participants to accurately predict the sales of 111 potentially weather-sensitive products (like umbrellas, bread, and milk) around the time of major weather events at 45 of their retail locations."", ""domain"": ""Retail"", ""associated_task"": ""Regression"", ""data_types"": [""Numeric"", ""String"", ""Temporal""], ""size"": ""167.3 MB"", ""count_of_tables"": 4, ""count_of_rows"": 4628497, ""count_of_columns"": 27, ""instance_count"": 4607680, ""missing_values"": true, ""compound_keys"": false, ""loops"": false, ""type"": ""Real"", ""url"": ""https://relational.fel.cvut.cz/dataset/walmart"", ""train_mae"": 1.0521712597103403, ""train_mse"": 112.20479971429776, ""train_r2"": -0.0099647788159455, ""val_mae"": 0.8459843962309529, ""val_mse"": 67.20483738286833, ""val_r2"": -0.0107640061952531}",regression
ctu-webkp_webkp-original,"{""name"": ""ctu-webkp"", ""task_name"": ""webkp-original"", ""task_type"": ""multiclass_classification"", ""target_column"": ""class_label"", ""target_table"": ""webpage"", ""target_id"": ""webpage_id"", ""target_timestamp"": ""?"", ""description"": ""The WebKB dataset consists of 877 scientific publications classified into one of five classes. The citation network consists of 1608 links. Each publication in the dataset is described by a 0/1-valued word vector indicating the absence/presence of the corresponding word from the dictionary. The dictionary consists of 1703 unique words."", ""domain"": ""Education"", ""associated_task"": ""Classification"", ""data_types"": [""String""], ""size"": ""12.8 MB"", ""count_of_tables"": 3, ""count_of_rows"": 80592, ""count_of_columns"": 6, ""instance_count"": 877, ""missing_values"": false, ""compound_keys"": false, ""loops"": true, ""type"": ""Real"", ""url"": ""https://relational.fel.cvut.cz/dataset/webkp"", ""train_accuracy"": 0.4772079772079772, ""train_macro_f1"": 0.169459807502693, ""train_micro_f1"": 0.4772079772079772, ""val_accuracy"": 0.5454545454545454, ""val_macro_f1"": 0.1691246684350132, ""val_micro_f1"": 0.5454545454545454}",multiclass_classification
ctu-world_world-original,"{""name"": ""ctu-world"", ""task_name"": ""world-original"", ""task_type"": ""multiclass_classification"", ""target_column"": ""Continent"", ""target_table"": ""Country"", ""target_id"": ""Code"", ""target_timestamp"": ""?"", ""description"": ""A database of 239 states and their cities."", ""domain"": ""Geography"", ""associated_task"": ""Classification"", ""data_types"": [""Numeric"", ""String""], ""size"": ""700 KB"", ""count_of_tables"": 3, ""count_of_rows"": 5411, ""count_of_columns"": 24, ""instance_count"": 239, ""missing_values"": true, ""compound_keys"": false, ""loops"": false, ""type"": ""Real"", ""url"": ""https://relational.fel.cvut.cz/dataset/world"", ""train_accuracy"": 0.5759162303664922, ""train_macro_f1"": 0.5305316612402252, ""train_micro_f1"": 0.5759162303664922, ""val_accuracy"": 0.6666666666666666, ""val_macro_f1"": 0.6075091575091575, ""val_micro_f1"": 0.6666666666666666}",multiclass_classification
